<?xml version="1.0"?>
<metadata xml:lang="en"><Esri><CreaDate>20160317</CreaDate><CreaTime>13473800</CreaTime><SyncOnce>FALSE</SyncOnce><SyncDate>20160317</SyncDate><SyncTime>13431900</SyncTime><ModDate>20160317</ModDate><ModTime>13431900</ModTime><DataProperties><lineage><Process ToolSource="C:\Program Files\ArcGIS\ArcToolbox\Toolboxes\Data Management Tools.tbx\AddField" Date="20100616" Time="153643">AddField L:\Priv\CORFiles\GIS\ecoregions\Jobs\wr21751.griffith.us-shapes.symb\st_useco2.shp L2_KEY TEXT # # 125 # NON_NULLABLE NON_REQUIRED # L:\Priv\CORFiles\GIS\ecoregions\Jobs\wr21751.griffith.us-shapes.symb\st_useco2.shp</Process><Process ToolSource="C:\Program Files\ArcGIS\ArcToolbox\Toolboxes\Data Management Tools.tbx\AddField" Date="20100616" Time="153721">AddField L:\Priv\CORFiles\GIS\ecoregions\Jobs\wr21751.griffith.us-shapes.symb\st_useco2.shp L1_KEY TEXT # # 125 # NON_NULLABLE NON_REQUIRED # L:\Priv\CORFiles\GIS\ecoregions\Jobs\wr21751.griffith.us-shapes.symb\st_useco2.shp</Process><Process ToolSource="C:\Program Files\ArcGIS\ArcToolbox\Toolboxes\Data Management Tools.tbx\CalculateField" Date="20100616" Time="153831">CalculateField L:\Priv\CORFiles\GIS\ecoregions\Jobs\wr21751.griffith.us-shapes.symb\st_useco2.shp L2_KEY "[NA_L2CODE] + "  " + [NA_L2NAME]" VB # L:\Priv\CORFiles\GIS\ecoregions\Jobs\wr21751.griffith.us-shapes.symb\st_useco2.shp</Process><Process ToolSource="C:\Program Files\ArcGIS\ArcToolbox\Toolboxes\Data Management Tools.tbx\CalculateField" Date="20100616" Time="154032">CalculateField L:\Priv\CORFiles\GIS\ecoregions\Jobs\wr21751.griffith.us-shapes.symb\st_useco2.shp L1_KEY "[NA_L1CODE] + "  " + [NA_L1NAME]" VB # L:\Priv\CORFiles\GIS\ecoregions\Jobs\wr21751.griffith.us-shapes.symb\st_useco2.shp</Process><Process ToolSource="c:\program files (x86)\arcgis\desktop10.1\ArcToolbox\Toolboxes\Data Management Tools.tbx\Dissolve" Date="20160317" Time="134320">Dissolve va E:\GIS11162015\EmmaGIS\Assessment\vaECOREGIONlevel3.shp US_L3NAME # MULTI_PART DISSOLVE_LINES</Process><Process ToolSource="c:\program files (x86)\arcgis\desktop10.1\ArcToolbox\Toolboxes\Data Management Tools.tbx\Project" Date="20160317" Time="134738">Project C:\HardDriveBackup\R\ShinyApp_TMDLworkgroup\step3\data\vaECOREGIONlevel3.shp C:\HardDriveBackup\R\ShinyApp_TMDLworkgroup\step3\data\vaECOREGIONlevel3__proj84.shp GEOGCS['GCS_WGS_1984',DATUM['D_WGS_1984',SPHEROID['WGS_1984',6378137.0,298.257223563]],PRIMEM['Greenwich',0.0],UNIT['Degree',0.0174532925199433],METADATA['World',-180.0,-90.0,180.0,90.0,0.0,0.0174532925199433,0.0,1262]] WGS_1984_(ITRF00)_To_NAD_1983 PROJCS['USA_Contiguous_Albers_Equal_Area_Conic_USGS_version',GEOGCS['GCS_North_American_1983',DATUM['D_North_American_1983',SPHEROID['GRS_1980',6378137.0,298.257222101]],PRIMEM['Greenwich',0.0],UNIT['Degree',0.0174532925199433]],PROJECTION['Albers'],PARAMETER['False_Easting',0.0],PARAMETER['False_Northing',0.0],PARAMETER['Central_Meridian',-96.0],PARAMETER['Standard_Parallel_1',29.5],PARAMETER['Standard_Parallel_2',45.5],PARAMETER['Latitude_Of_Origin',23.0],UNIT['Meter',1.0]]</Process></lineage><itemProps><itemName Sync="TRUE">vaECOREGIONlevel3</itemName><imsContentType Sync="TRUE">002</imsContentType><itemSize Sync="TRUE">0.000</itemSize><itemLocation><linkage Sync="TRUE">file://\\NG00222918\C$\HardDriveBackup\R\ShinyApp_TMDLworkgroup\step3\data\vaECOREGIONlevel3</linkage><protocol Sync="TRUE">Local Area Network</protocol></itemLocation></itemProps><coordRef><type Sync="TRUE">Projected</type><geogcsn Sync="TRUE">GCS_North_American_1983</geogcsn><csUnits Sync="TRUE">Linear Unit: Meter (1.000000)</csUnits><projcsn Sync="TRUE">USA_Contiguous_Albers_Equal_Area_Conic_USGS_version</projcsn><peXml Sync="TRUE">&lt;ProjectedCoordinateSystem xsi:type='typens:ProjectedCoordinateSystem' xmlns:xsi='http://www.w3.org/2001/XMLSchema-instance' xmlns:xs='http://www.w3.org/2001/XMLSchema' xmlns:typens='http://www.esri.com/schemas/ArcGIS/10.1'&gt;&lt;WKT&gt;PROJCS[&amp;quot;USA_Contiguous_Albers_Equal_Area_Conic_USGS_version&amp;quot;,GEOGCS[&amp;quot;GCS_North_American_1983&amp;quot;,DATUM[&amp;quot;D_North_American_1983&amp;quot;,SPHEROID[&amp;quot;GRS_1980&amp;quot;,6378137.0,298.257222101]],PRIMEM[&amp;quot;Greenwich&amp;quot;,0.0],UNIT[&amp;quot;Degree&amp;quot;,0.0174532925199433]],PROJECTION[&amp;quot;Albers&amp;quot;],PARAMETER[&amp;quot;False_Easting&amp;quot;,0.0],PARAMETER[&amp;quot;False_Northing&amp;quot;,0.0],PARAMETER[&amp;quot;Central_Meridian&amp;quot;,-96.0],PARAMETER[&amp;quot;Standard_Parallel_1&amp;quot;,29.5],PARAMETER[&amp;quot;Standard_Parallel_2&amp;quot;,45.5],PARAMETER[&amp;quot;Latitude_Of_Origin&amp;quot;,23.0],UNIT[&amp;quot;Meter&amp;quot;,1.0],AUTHORITY[&amp;quot;ESRI&amp;quot;,102039]]&lt;/WKT&gt;&lt;XOrigin&gt;-16901100&lt;/XOrigin&gt;&lt;YOrigin&gt;-6972200&lt;/YOrigin&gt;&lt;XYScale&gt;266467840.99085236&lt;/XYScale&gt;&lt;ZOrigin&gt;-100000&lt;/ZOrigin&gt;&lt;ZScale&gt;10000&lt;/ZScale&gt;&lt;MOrigin&gt;-100000&lt;/MOrigin&gt;&lt;MScale&gt;10000&lt;/MScale&gt;&lt;XYTolerance&gt;0.001&lt;/XYTolerance&gt;&lt;ZTolerance&gt;0.001&lt;/ZTolerance&gt;&lt;MTolerance&gt;0.001&lt;/MTolerance&gt;&lt;HighPrecision&gt;true&lt;/HighPrecision&gt;&lt;WKID&gt;102039&lt;/WKID&gt;&lt;LatestWKID&gt;102039&lt;/LatestWKID&gt;&lt;/ProjectedCoordinateSystem&gt;</peXml></coordRef><copyHistory><copy source="E:\GIS11162015\EmmaGIS\Assessment\vaECOREGIONlevel3" dest="\\NG00222918\C$\HardDriveBackup\R\ShinyApp_TMDLworkgroup\step3\data\vaECOREGIONlevel3" date="20160317" time="13442600"></copy></copyHistory></DataProperties><ArcGISFormat>1.0</ArcGISFormat></Esri><idinfo><native Sync="TRUE">Microsoft Windows XP Version 5.1 (Build 2600) Service Pack 3; ESRI ArcCatalog 9.3.1.3000</native><descript><langdata Sync="TRUE">en</langdata><abstract>Ecoregions by state were extracted from the seamless national shapefile.  Ecoregions denote areas of general similarity in ecosystems and in the type, quality, and quantity of environmental resources. They are designed to serve as a spatial framework for the research, assessment, management, and monitoring of ecosystems and ecosystem components. These general purpose regions are critical for structuring and implementing ecosystem management strategies across federal agencies, state agencies, and nongovernment organizations that are responsible for different types of resources within the same geographical areas. The approach used to compile this map is based on the premise that ecological regions can be identified through the analysis of patterns of biotic and abiotic phenomena, including geology, physiography, vegetation, climate, soils, land use, wildlife, and hydrology. The relative importance of each characteristic varies from one ecological region to another. A Roman numeral hierarchical scheme has been adopted for different levels for ecological regions. Level I is the coarsest level, dividing North America into 15 ecological regions. Level II divides the continent into 52 regions (Commission for Environmental Cooperation Working Group, 1997). At Level III, the continental United States contains 104 regions whereas the conterminous United States has 84 (U.S. Environmental Protection Agency, 2005). Level IV ecoregions are further subdivisions of Level III ecoregions. Methods used to define the ecoregions are explained in Omernik (1995, 2004), Omernik and others (2000), and Gallant and others (1989).

      Literature cited:
      Commission for Environmental Cooperation Working Group, 1997, Ecological regions of North America- toward a common perspective: Montreal, Commission for Environmental Cooperation, 71 p.
      Gallant, A. L., Whittier, T.R., Larsen, D.P., Omernik, J.M., and Hughes, R.M., 1989, Regionalization as a tool for managing environmental resources: Corvallis, Oregon, U.S. Environmental Protection Agency, EPA/600/3-89/060, 152p.
      Omernik, J.M., 1995, Ecoregions - a framework for environmental management, in Davis, W.S. and Simon, T.P., eds., Biological assessment and criteria-tools for water resource planning and decision making: Boca Raton, Florida, Lewis Publishers, p.49-62.
      Omernik, J.M., Chapman, S.S., Lillie, R.A., and Dumke, R.T., 2000, Ecoregions of Wisconsin: Transactions of the Wisconsin Academy of Science, Arts, and Letters, v. 88, p. 77-103.
      Omernik, J.M., 2004, Perspectives on the nature and definitions of ecological regions: Environmental Management, v. 34, Supplement 1, p. s27-s38.

      Comments and questions regarding Ecoregions should be addressed to Glenn Griffith, Dynamac Corporation, c/o US EPA., 200 SW 35th Street, Corvallis, OR 97333, (541)-754-4465, email:griffith.glenn@epa.gov Alternate: James Omernik, USGS, c/o US EPA, 200 SW 35th Street, Corvallis, OR 97333, (541)-754-4458, email:omernik.james@epa.gov</abstract><purpose>Ecoregion maps assist managers of aquatic and terrestrial resources to understand the regional patterns of the realistically attainable quality of these resources</purpose><supplinf>Electronic versions of ecoregion maps and posters, as well as other ecoregion resources are available at: http://www.epa.gov/wed/pages/ecoregions.htm.
      Symbology layers for US Levels III and IV also available.
      Level IV ecoregions are not complete for California and Arizona, as of May, 2010.  For these states, the polygons are for Level III or lower. The field "US_L4CODE" contains placeholder information derived from "US_L3CODE".  Ecoregions were digitized at 1:250,000 scale and are intended for large geographic extents (i.e. states, multiple counties, or river basins).  Use for smaller areas, such as individual counties or a 1:24,000 scale map boundary, is not recommended.</supplinf></descript><citation><citeinfo><title>Level IV Ecoregions of Virginia</title><ftname Sync="TRUE">va</ftname><geoform Sync="TRUE">vector digital data</geoform><origin>U.S. Environmental Protection Agency</origin><pubinfo/><serinfo/><lworkcit><citeinfo><title></title><pubdate></pubdate><pubinfo/><serinfo/></citeinfo></lworkcit><onlink>ftp://ftp.epa.gov/wed/ecoregions/va/va_eco.zip</onlink></citeinfo></citation><timeperd><current>publication date</current><timeinfo><sngdate><caldate>May, 2010</caldate></sngdate></timeinfo></timeperd><status><progress>Ongoing</progress><update>As needed</update></status><spdom><bounding><westbc Sync="TRUE">-83.675409</westbc><eastbc Sync="TRUE">-74.979070</eastbc><northbc Sync="TRUE">40.047953</northbc><southbc Sync="TRUE">35.537817</southbc></bounding><lboundng><leftbc Sync="TRUE">1089283.600800</leftbc><rightbc Sync="TRUE">1790551.459100</rightbc><bottombc Sync="TRUE">1576764.811000</bottombc><topbc Sync="TRUE">1966513.719000</topbc></lboundng></spdom><keywords><theme><themekt>REQUIRED: Reference to a formally registered thesaurus or a similar authoritative source of theme keywords.</themekt><themekey>US Ecoregion Levels III and IV, North American (CEC) Ecoregion Levels I, II, III</themekey></theme><place><placekey>Selected State, Conterminous United States</placekey></place></keywords><accconst>None</accconst><useconst>None</useconst><natvform Sync="TRUE">Shapefile</natvform><ptcontac><cntinfo><cntperp><cntper>Marc Weber</cntper><cntorg>US EPA</cntorg></cntperp><cntaddr><addrtype>mailing and physical address</addrtype><address>c/o US EPA., 200 SW 35th</address><city>Corvallis</city><state>Oregon</state><postal>97333</postal><country>USA</country></cntaddr><cntvoice>541-754-4469</cntvoice><cntemail>weber.marc@epa.gov</cntemail><cntpos>Geographer</cntpos></cntinfo></ptcontac><crossref><citeinfo><title>Ecoregions of the United States</title></citeinfo></crossref></idinfo><dataIdInfo><envirDesc Sync="TRUE">Microsoft Windows 7 Version 6.1 (Build 7601) Service Pack 1; Esri ArcGIS 10.1.0.3035</envirDesc><dataLang><languageCode Sync="TRUE" value="eng"></languageCode><countryCode value="USA" Sync="TRUE"></countryCode></dataLang><idCitation><resTitle Sync="TRUE">vaECOREGIONlevel3</resTitle><presForm><PresFormCd Sync="TRUE" value="005"></PresFormCd></presForm></idCitation><spatRpType><SpatRepTypCd Sync="TRUE" value="001"></SpatRepTypCd></spatRpType><dataExt><geoEle><GeoBndBox esriExtentType="native"><westBL Sync="TRUE">1089283.6008</westBL><eastBL Sync="TRUE">1790551.4591</eastBL><northBL Sync="TRUE">1966513.719</northBL><southBL Sync="TRUE">1576764.811</southBL><exTypeCode Sync="TRUE">1</exTypeCode></GeoBndBox></geoEle></dataExt><geoBox esriExtentType="decdegrees"><westBL Sync="TRUE">-83.675409</westBL><eastBL Sync="TRUE">-74.97907</eastBL><northBL Sync="TRUE">40.047953</northBL><southBL Sync="TRUE">35.537817</southBL><exTypeCode Sync="TRUE">1</exTypeCode></geoBox></dataIdInfo><metainfo><langmeta Sync="TRUE">en</langmeta><metstdn Sync="TRUE">FGDC Content Standards for Digital Geospatial Metadata</metstdn><metstdv Sync="TRUE">FGDC-STD-001-1998</metstdv><mettc Sync="TRUE">local time</mettc><metc><cntinfo><cntaddr><addrtype>mailing and physical address</addrtype><city>Corvallis</city><state>Oregon</state><postal>97333.</postal><address>c/o USEPA 200 SW 35th Street</address><country>USA</country></cntaddr><cntvoice>(541) 754-4454</cntvoice><cntperp><cntper>Colleen Burch Johnson</cntper><cntorg>SRA/Raytheon Contractors to US EPA</cntorg></cntperp><cntemail>johnson.colleen@epa.gov</cntemail></cntinfo></metc><metd Sync="TRUE">20100623</metd></metainfo><mdLang><languageCode Sync="TRUE" value="eng"></languageCode><countryCode value="USA" Sync="TRUE"></countryCode></mdLang><mdStanName Sync="TRUE">ISO 19115 Geographic Information - Metadata</mdStanName><mdStanVer Sync="TRUE">DIS_ESRI1.0</mdStanVer><mdChar><CharSetCd Sync="TRUE" value="004"></CharSetCd></mdChar><mdHrLv><ScopeCd Sync="TRUE" value="005"></ScopeCd></mdHrLv><mdHrLvName Sync="TRUE">dataset</mdHrLvName><distinfo><resdesc>Downloadable data. Size varies by state.</resdesc><stdorder><digform><digtinfo><transize Sync="TRUE">2.329</transize><dssize Sync="TRUE">2.329</dssize></digtinfo></digform></stdorder><distrib><cntinfo><cntorgp><cntorg>USEPA</cntorg><cntper>Marc Weber</cntper></cntorgp><cntpos>Geographer</cntpos><cntvoice>541-754-4469</cntvoice></cntinfo></distrib></distinfo><distInfo><distributor><distorTran><onLineSrc><orDesc Sync="TRUE">002</orDesc><linkage Sync="TRUE">file://\\DC2626XMWEBER\E$\Ecoregions\Updated_Ecoregions\Final_Data\By_State\Level4\va.shp</linkage><protocol Sync="TRUE">Local Area Network</protocol></onLineSrc><transSize Sync="TRUE">2.329</transSize></distorTran><distorFormat><formatName Sync="TRUE">Shapefile</formatName></distorFormat></distributor><distFormat><formatName Sync="TRUE">Shapefile</formatName></distFormat><distTranOps><transSize Sync="TRUE">0.000</transSize></distTranOps></distInfo><mdDateSt Sync="TRUE">20160317</mdDateSt><dataqual><lineage><procstep><procdesc>1) U.S.G.S. 1:250,000 topographic maps are used to delineate the ecoregions. The lines drawn are manually digitized or scanned to produce georeferenced electronic files. 2) All base maps are joined together and errors along the edges are resolved. 3) Topology is established and the maps are reviewed for accuracy, completeness, and conformity with the original lines. Corrections are made as needed and topology regenerated. 4) Attributes are added. 5) Maps are plotted for visual inspection by two individuals and necessary changes made.  6) Ecoregions from all available states are merged and dissolved to identify and correct inconsistencies. 7) Polygons of the corrected seamless ecoregion features are extended beyond the coastal borders.  8) State and Ecoregion datasets are intersected. 9) Topology errors removed. 10) Final QA</procdesc><procdate Sync="TRUE">20100526</procdate><proctime Sync="TRUE">14343800</proctime></procstep><srcinfo><srccontr>The state borders were derived from the dtl_st.sdc on the ArcGIS DVD provided by ESRI.  It was modified by removing Alaska and Hawaii polygons and all but the State field, adding some coastal islands based on imagery or NHDPlus areas, and restoring topology (removing internal gaps and small overlaps).  The EPA regions were added to this custom geodatabase (dtl_48plyf) prior to the intersection process with the seamless ecoregion data.</srccontr></srcinfo><procstep><procdesc Sync="TRUE">Metadata imported.</procdesc><srcused Sync="TRUE">E:\Ecoregions\Updated_Ecoregions\Eco_Level_IV_US.shp.xml</srcused><procdate Sync="TRUE">20100622</procdate><proctime Sync="TRUE">17115300</proctime></procstep><procstep><procdesc Sync="TRUE">Metadata imported.</procdesc><srcused Sync="TRUE">E:\Ecoregions\Updated_Ecoregions\Final_Data\By_State\Level4\al.shp.xml</srcused><procdate Sync="TRUE">20100622</procdate><proctime Sync="TRUE">17192800</proctime></procstep></lineage><logic>Although ecoregion polygons and attributes have been checked for accuracy, some errors may remain.
    Polygons along state borders were reviewed and updated, May 2010.</logic><complete>Level IV ecoregions are not complete for California and Arizona, as of May, 2010.  For these states, the polygons are for Level III or lower.  The field 'US_L4CODE" contains placeholder information derived from "US_L3CODE".  Ecoregions were digitized at 1:250,000 scale and are intended for large geographic extents (i.e. states, multiple counties, or river basins).  Use for smaller areas, such as individual counties or a 1:24,000 scale map boundary, is not recommended.</complete></dataqual><spdoinfo><direct Sync="TRUE">Vector</direct><ptvctinf><esriterm Name="vaECOREGIONlevel3"><efeatyp Sync="TRUE">Simple</efeatyp><efeageom code="4" Sync="TRUE"></efeageom><esritopo Sync="TRUE">FALSE</esritopo><efeacnt Sync="TRUE">0</efeacnt><spindex Sync="TRUE">FALSE</spindex><linrefer Sync="TRUE">FALSE</linrefer></esriterm></ptvctinf></spdoinfo><spref><horizsys><cordsysn><geogcsn Sync="TRUE">GCS_North_American_1983</geogcsn><projcsn Sync="TRUE">USA_Contiguous_Albers_Equal_Area_Conic_USGS_version</projcsn></cordsysn><planar><planci><plance Sync="TRUE">coordinate pair</plance><plandu Sync="TRUE">meters</plandu><coordrep><absres Sync="TRUE">0.000000</absres><ordres Sync="TRUE">0.000000</ordres></coordrep></planci></planar><geodetic><horizdn Sync="TRUE">North American Datum of 1983</horizdn><ellips Sync="TRUE">Geodetic Reference System 80</ellips><semiaxis Sync="TRUE">6378137.000000</semiaxis><denflat Sync="TRUE">298.257222</denflat></geodetic></horizsys></spref><refSysInfo><RefSystem><refSysID><identCode Sync="TRUE" value="102039">USA_Contiguous_Albers_Equal_Area_Conic_USGS_version</identCode><idCodeSpace Sync="TRUE">ESRI</idCodeSpace><idVersion Sync="TRUE">10.1.0</idVersion></refSysID></RefSystem></refSysInfo><spatRepInfo><VectSpatRep><geometObjs Name="vaECOREGIONlevel3"><geoObjTyp><GeoObjTypCd value="002" Sync="TRUE"></GeoObjTypCd></geoObjTyp><geoObjCnt Sync="TRUE">0</geoObjCnt></geometObjs><topLvl><TopoLevCd value="001" Sync="TRUE"></TopoLevCd></topLvl></VectSpatRep></spatRepInfo><eainfo><detailed Name="vaECOREGIONlevel3"><enttyp><enttypl>Level IV Ecoregions of Virginia</enttypl><enttypt Sync="TRUE">Feature Class</enttypt><enttypc Sync="TRUE">0</enttypc></enttyp><attr><attrlabl Sync="TRUE">FID</attrlabl><attalias Sync="TRUE">FID</attalias><attrtype Sync="TRUE">OID</attrtype><attwidth Sync="TRUE">4</attwidth><atprecis Sync="TRUE">0</atprecis><attscale Sync="TRUE">0</attscale><attrdef Sync="TRUE">Internal feature number.</attrdef><attrdefs Sync="TRUE">ESRI</attrdefs><attrdomv><udom Sync="TRUE">Sequential unique whole numbers that are automatically generated.</udom></attrdomv></attr><attr><attrlabl Sync="TRUE">Shape</attrlabl><attalias Sync="TRUE">Shape</attalias><attrtype Sync="TRUE">Geometry</attrtype><attwidth Sync="TRUE">0</attwidth><atprecis Sync="TRUE">0</atprecis><attscale Sync="TRUE">0</attscale><attrdef Sync="TRUE">Feature geometry.</attrdef><attrdefs Sync="TRUE">ESRI</attrdefs><attrdomv><udom Sync="TRUE">Coordinates defining the features.</udom></attrdomv></attr><attr><attrlabl Sync="TRUE">US_L3NAME</attrlabl><attalias Sync="TRUE">US_L3NAME</attalias><attrtype Sync="TRUE">String</attrtype><attwidth Sync="TRUE">100</attwidth><attrdef>Name for Level III Ecoregion (US)</attrdef><attrdefs>USEPA</attrdefs><atprecis Sync="TRUE">0</atprecis><attscale Sync="TRUE">0</attscale></attr></detailed></eainfo></metadata>
